,club,value_M
0,FC Bayern München,24.801923076923078
1,Real Madrid,23.203939393939393
2,Liverpool,21.323375
3,Manchester City,18.35975609756097
4,Paris Saint-Germain,17.990972222222226
5,FC Barcelona,17.417073170731705
6,Atlético Madrid,15.730128205128203
7,Juventus,15.331875
8,Borussia Dortmund,13.897297297297296
9,Tottenham Hotspur,13.881547619047621
